{"date": "03-10-2025", "sites": [{"name": "calcioga_base", "url": "https://calcio.best/streaming-gratis-calcio-1.php"}, {"name": "sky_str", "url": "https://skystreaming.stream/"}, {"name": "sportzone_base", "url": "https://sportzone.hair"}, {"name": "calcio_str_base", "url": "https://guarda.direttecommunity.online/partite-streaming.html"}, {"name": "pepper_base", "url": "https://pepperlive.info/"}, {"name": "daddy_ch_base", "url": "https://dlhd.dad/24-7-channels.php"}, {"name": "roja_base", "url": "http://it.rojadirecta.eu/"}, {"name": "hattrick_base", "url": "https://hattrick.ws/"}]}