[{"name": "http://staypoor.net/embed/qgdzborpo", "resolve": "wigistream"}, {"name": "http://restlessouter.net/embed/cii4kw916f3t", "resolve": "wigistream"}, {"name": "http://staypoor.net/embed/vu5pc5iwla1c", "resolve": "wigistream"}, {"name": "http://restlessouter.net/embed/wl8gs0z8lq", "resolve": "wigistream"}, {"name": "https://newzar.xyz/premiumtv/daddyhd.php?id=870", "resolve": "daddylive"}, {"name": "https://newzar.xyz/premiumtv/daddyhd.php?id=871", "resolve": "daddylive"}, {"name": "https://newzar.xyz/premiumtv/daddyhd.php?id=877", "resolve": "daddylive"}, {"name": "https://vividmosaica.com/embed3.php?player=desktop&live=do47", "resolve": "lovesomecommunity"}, {"name": "https://wristneedle.net/embed/0c46cr4hjls", "resolve": "wigistream"}, {"name": "https://rightflourish.net/embed/9qp3ixqc", "resolve": "wigistream"}, {"name": "https://lostfascinate.net/embed/wiyfbikc", "resolve": "wigistream"}, {"name": "http://staypoor.net/embed/71urpyq", "resolve": "wigistream"}, {"name": "https://newzar.xyz/premiumtv/bizz-streams2u.php?id=31", "resolve": "daddylive"}, {"name": "https://newzar.xyz/premiumtv/poscitechs.php?id=877", "resolve": "daddylive"}, {"name": "https://newzar.xyz/premiumtv/bizz-streams2u.php?id=426", "resolve": "daddylive"}, {"name": "https://newzar.xyz/premiumtv/bizz-streams2u.php?id=877", "resolve": "daddylive"}, {"name": "https://newzar.xyz/premiumtv/sportsstreams.php?id=877", "resolve": "daddylive"}, {"name": "http://dukehorror.net/embed/71urpyq", "resolve": "wigistream"}, {"name": "https://epicplayplay.cfd/premiumtv/daddyhd.php?id=877", "resolve": "daddylive"}, {"name": "http://dukehorror.net/embed/qgdzborpo", "resolve": "wigistream"}, {"name": "http://dukehorror.net/embed/hvdkxj2yw0fi1", "resolve": "wigistream"}, {"name": "https://epicplayplay.cfd/premiumtv/daddyhd.php?id=850", "resolve": "daddylive"}]