[
    {
        "channel": "SKY_251IT",
        "url": "https://linear311-it-dash1-prd.selector.skycdn.it/016a/31917/FHD/skysport251/master_stereo.mpd",
        "k1": "00368000eaecbeeafd84c05b3b8243af",
        "k2": "8f84185910e18ae0ca8a45004625a000"
    },
    {
        "channel": "SKY_252IT",
        "url": "https://linear311-it-dash1-prd-akg0.cdn13.skycdp.com/016a/32951/FHD/skysport252/master.mpd",
        "k1": "0036c4797608fc64296d437bc6f8b790",
        "k2": "1689af84b23f514005f9bb854da7667f"
    },
    {
        "channel": "SKY_253IT",
        "url": "https://linear311-it-dash1-prd-akg0.cdn13.skycdp.com/016a/32233/FHD/skysport253/master.mpd",
        "k1": "00365b169a077daac5081277c3fd0c28",
        "k2": "f68ab32a552e13509a8ee1c4d96204bc"
    },
    {
        "channel": "SKY_254IT",
        "url": "https://linear312-it-dash1-prd.selector.skycdn.it/016a/31234/FHD/skysport254/master.mpd",
        "k1": "00369c14c20b78aadb1ec0e3c0e74979",
        "k2": "e768767e2c7238d8069887bb36aed7fa"
    },
    {
        "channel": "SKY_255IT",
        "url": "https://linear311-it-dash1-prd-ll.cdn13.skycdp.com/016a/32910/FHD/skysport255/master.mpd",
        "k1": "0036b781a22ebb0c20c16ac27d5d1448",
        "k2": "f309b94acfda720bf1ed5741489f8967"    
    },
    {
        "channel": "SKY_258IT",
        "url": "https://linear312-it-dash1-prd-ll.cdn13.skycdp.com/016a/32772/skysport258/master.mpd",
        "k1": "0036fd8ccfddba47c8b40aeff63a797c",
        "k2": "dfd5c9d0f4ac6f3a1bd89803399e7026"
    },
    {
        "channel": "UNO",
        "url": "https://p7s1-live-001-prod.akamaized.net/28df258a/t_009/daserste-de-hd/cenc-default.mpd",
        "k1": "667f821486adfa6df62b53e41fe60c65",
        "k2": "be65cc2c378180153cbac97bc6ab8625"
    },
    {
        "channel": "SKY_SPORTS_UNO_IT",
        "url": "https://linear301-it-dash1-prd-akg0.cdn13.skycdp.com/016a/31023/FHD/skysportuno/master_stereo.mpd",
        "k1": "0036dc70e4d659fe5ae57b52793a1ff3",
        "k2": "55517f806b6be917c2bf0e9cf9acc44f"
    },
    {
        "channel": "SKY_SPORTS_CALCIO_IT",
        "url": "https://linear302-it-dash1-prd-ll.cdn13.skycdp.com/016a/31209/FHD/skysportseriea/master.mpd",
        "k1": "0036e5d0e88dfb087f1791da6150ced9",
        "k2": "0bc653d830837dceb13bd17169f0f8e2"
    },
    {
        "channel": "SKY_PREMIER_LEAGUE",
        "url": "https://linear015-gb-dash1-prd-ll.cdn.skycdp.com/016a/Content/DASH_003_720_30/Live/channel(skysportspremierleague)/manifest_720.mpd",
        "k1": "0005f05c21a77f9475e05b177e70111a",
        "k2": "ca009f546f9348a3659d877e3f67ee19"  
    },           
    {
        "channel": "SKY_SPORTS_MAIN_EVENT",
        "url": "https://linear001-gb-dash1-prd-ll.cdn.skycdp.com/016a/Content/DASH_003_720_120/Live/channel(skysportsmainevent)/manifest_720.mpd",
        "k1": "00050559cd31897cd28ef1cad1857606",
        "k2": "32203d3d424a70258a9f676316681bea"
    },
    {
        "channel": "SKY_SPORTS_FOOTBALL",
        "url": "https://linear019-gb-dash1-prd-ak.cdn.skycdp.com/016a/Content/DASH_003_720_120/Live/channel(skysportsfootball)/manifest_720-120.mpd",
        "k1": "00051940357f91714b419a79af5a5f9a",
        "k2": "f4e7d0c43db524393ba85fd240d9cd6e"
    },
    {
        "channel": "SKY_SPORTS_F1",
        "url": "https://linear034-gb-dash1-prd-ll.cdn.skycdp.com/016a/Content/DASH_003_720_30/Live/channel(skysportsf1)/manifest_720.mpd",
        "k1": "0005b57b9b4712e29641ac981ba8d3c2",
        "k2": "ca13cdd1b96bf1877d2c7ad9ee37d52e"
    },
    {
        "channel": "ZONA_DAZN_ITALIA",
        "url": "https://dcf-ak-livedazn.akamaized.net/dashrdm/dazn-linear-024/stream.mpd",
        "k1": "82f8e2a17dac44c0a18f660479349c59",
        "k2": "1b144f73e6fefe91cd05f850e2b589d0"
    },
    {
        "channel": "SKY_SPORTS_MAX_IT",
        "url": "https://linear305-it-dash1-prd-ll.cdn13.skycdp.com/016a/31248/FHD/skysportmax/master.mpd",
        "k1": "0036a901e6f0381cfd1b6fcf10cc6038",
        "k2": "4fbb022704c9abcbb709484a5667fd79"
    },
    {
        "channel": "EUROSPORTS_1",
        "url": "https://spa-ha-p004.cdn.masmediatv.es/SVoriginOperatorEdge3/smil:43_HD.smil/manifest.mpd",
        "k1": "fe1d448746445b0dad008ffc96659be1",
        "k2": "fe1d448746445b0dad008ffc96659be1"
    },
    {
        "channel": "EUROSPORTS_2",
        "url": "https://spa-ha-p004.cdn.masmediatv.es/SVoriginOperatorEdge3/smil:59_HD.smil/manifest.mpd",
        "k1": "fe1d448746445b0dad008ffc96659be1",
        "k2": "fe1d448746445b0dad008ffc96659be1"
    },
    {
        "channel": "Sky_Sport_253",
        "url": "https://linear311-it-dash1-prd-akg0.cdn13.skycdp.com/016a/32233/FHD/skysport253/master.mpd",
        "k1": "00365b169a077daac5081277c3fd0c28",
        "k2": "f68ab32a552e13509a8ee1c4d96204bc"
    },
    {
        "channel": "INFINITY_PLUS_1",
        "url": "https://live03p-seg.msf.cdn.mediaset.net/live/ch-u1/u1-dash-widevine.isml/manifest.mpd",
        "k1": "00f9f3c0783536b832a8f0326fbdc02e",
        "k2": "ade0533ba667bb7e9847d8f215f03076"
    },
    {
        "channel": "INFINITY_PLUS",
        "url": "https://live03p-seg.msf.cdn.mediaset.net/live/ch-u2/u2-dash-widevine.isml/manifest.mpd",
        "k1": "00f9f3c0783536b834b0f0c2bfee80ac",
        "k2": "76b3afbf163f9c3feb6204b8fcf0ff53"
    },
    {
        "channel": "FORMULA_1",
        "url": "https://live.ll.ww.aiv-cdn.net/OTTB/dub-nitro/live/clients/dash/enc/cqbcvgkb83/out/v1/4dbe05ecfb1540448d82d68eeebfbb1c/cenc.mpd",
        "k1": "1061be12d303247426ec25e8369b2647",
        "k2": "bd622b0e610295de3b0bccb850ccaaaa"
    }
]
                
                
               
                
                
                
                
                
                
                
                
                
                
                
                
                
                
               
                